Country Code ISO3;Country;year;population;eusubreg;gdp/capita;sdg1_transfer;sdg1_umicpov;sdg1_material;sdg2_obesity;sdg2_trophic;sdg2_ammonia;sdg3_eulifee;sdg3_legap;sdg3_avoidable;sdg3_ghealth;sdg3_eutb;sdg3_suicide;sdg3_hgap;sdg3_u5mort;sdg3_incgap;sdg3_road;sdg3_binge;sdg3_vac;sdg3_smoking;sdg3_insucov;sdg3_ehealth;sdg3_oopocket;sdg3_swb;sdg4_earlyleav;sdg4_child;sdg4_pisa;sdg4_tertiary;sdg4_underach;sdg4_adult;sdg4_socioec;sdg5_empgap;sdg5_paygap;sdg5_caring;sdg5_wparl;sdg5_wmanage;sdg5_ictwomen;sdg6_shower;sdg6_exploit;sdg6_wastew;sdg6_safewat;sdg6_safesan;sdg7_warm;sdg7_eurenew;sdg7_co2twh;sdg8_income;sdg8_rights;sdg8_accident;sdg8_impacc;sdg8_euyneet;sdg8_unemp;sdg8_inwork;sdg9_uni;sdg9_epo;sdg9_eurd;sdg9_lpi;sdg9_bband;sdg9_bbandgap;sdg9_rdperson;sdg9_articles;sdg10_gini;sdg10_palma;sdg11_crowding;sdg11_recycle;sdg11_eupm25;sdg11_hburden;sdg11_dwelling;sdg12_explastic;sdg12_circular;sdg12_value;sdg12_nprod;sdg12_nimport;sdg13_co2gcp;sdg13_ghgimport;sdg14_bath;sdg14_fishstocks;sdg14_cpma;sdg14_trawl;sdg14_discard;sdg15_redlist;sdg15_cpta;sdg15_oxygen;sdg15_cpfa;sdg15_nitrate;sdg16_rsf;sdg16_cpi;sdg16_crime;sdg16_homicide;sdg16_crimepov;sdg16_detain;sdg16_justice;sdg16_admin;sdg16_power;sdg17_oda;sdg17_statperf;sdg17_sprofits
ALB;Albania;2018;2878389;Candidate Countries;3830;23;11;38;;;;79;;;82;18;;9;9;18;;;94;;;;;5;;;420;;42;;3;;7;;29;;;5;1;34;71;48;33;37;0;;0;;0;;;17;;0;;2;84;;;0;35;1;73;;;6;33;;;;39,31;14;2;2;62;;67;75;24;1;49;9;97;;71;36;1;;0;42;1;1;0;;78;
ALB;Albania;2019;2875637;Candidate Countries;3920;23;7;37;;;;79;4;;82;16;;9;9;13;;;95;;;;;5;;;;;;;;;;;30;;;3;1;32;71;50;37;38;1;;0;;;;;15;;1;;;85;;;0;34;1;70;;;6;30;;;;;;2;2;59;;67;75;24;1;49;6;97;;70;35;1;;0;45;1;1;0;;75;
ALB;Albania;2020;2872130;Candidate Countries;3810;22;7;35;;;;77;3;;83;16;;6;9;8;;;91;;;;;5;;;;;;;;;;;30;;;3;;31;71;53;36;45;;;0;;;;;13;;0;;;87;;;0;33;;66;18;;4;22;;;;;;2;2;76;;67;;;1;49;8;97;;70;36;1;;0;;1;1;0;;;
ALB;Albania;2021;2861567;Candidate Countries;3990;;7;;;;;76;;;;17;;;10;;;;87;;;;;5;;;;;;;;;;;36;;;;;22;71;54;;41;;;0;;;;;;;1;;;91;;;0;;;;19;;;;;;;;;2;2;68;;67;;;1;49;;97;;69;35;;;;;1;1;0;;;
ALB;Albania;2022;2847853;Candidate Countries;4100;;6;;;;;76;;;;;;;;;;;;;;;;5;;;368;;74;;4;;;;;;;;;;71;56;;;;;0;;;;;;;;;;98;0;;0;;;;;;;;;;;;;;;67;;67;;;1;49;;97;;56;36;;;;;1;1;0;;;
ALB;Albania;2023;2836789;Candidate Countries;4130;;5;;;;;76;;;;;;;;;;;;;;;;;;;;;;;;;;;;;;;;;;;;;;;;;;;;;0;;;;;;;;;;;;;;;;;;;;;;;;;;;1;;;;;58;;;;;;;;;;;
AUT;Austria;2018;8822252;Western Europe;37690;14;1;3;;;24;82;2;232;72;6;14;21;4;0;5;;85;;100;9;18;7;7;90;491;41;21;15;15;9;20;1;37;26;18;0;2;100;99;100;2;34;1;26639;1;3;0;9;5;8;49;258;3;4;89;2;2;3;27;1;32;58;16;7;10;;11;4;40,36;41;8;9;97;;;;;1;68;2;71;22;86;76;10;1;0;21;1;1;1;0;90;5
AUT;Austria;2019;8858773;Western Europe;38070;13;1;3;17;;23;82;2;225;71;6;12;22;4;1;5;2;85;;100;;18;7;8;90;;42;;15;;9;20;1;39;31;20;0;0;100;99;100;2;34;1;27352;1;2;;9;5;8;53;264;3;;90;4;2;3;28;1;33;58;12;7;9;;12;4;;;8;9;98;;;;;1;68;2;71;22;85;77;8;1;0;20;1;1;1;0;89;5
AUT;Austria;2020;8901106;Western Europe;35390;14;1;3;;;23;81;2;235;74;5;12;21;4;0;4;;85;25;100;9;17;7;8;90;;41;;12;;8;19;1;40;32;20;1;;99;99;100;2;37;;26811;1;2;;10;5;7;54;259;3;;90;2;2;3;27;;34;62;;6;9;;11;4;;;7;8;98;;;;;1;68;1;71;21;84;76;6;0;2;;1;1;1;0;;
AUT;Austria;2021;8914448;Western Europe;36740;15;1;;;;24;81;3;;72;5;;20;4;0;4;;85;;100;;16;7;8;89;;42;;15;;9;19;1;42;35;19;;;99;99;100;2;36;;28252;1;3;;9;;8;54;258;3;;95;3;2;3;27;;37;63;;6;;20;12;;;;7;9;98;;;;;1;68;;71;;84;74;;;;;1;1;1;0;;
AUT;Austria;2022;8929716;Western Europe;38080;15;1;;;;;81;;;70;;;19;;1;;;;;;23;16;7;8;;486;43;25;16;19;8;;1;41;33;19;;;;99;100;3;;;;1;;;9;;8;55;266;;;93;3;;3;28;;39;;;7;;;;;;;;;97;;;;;1;68;;71;;77;71;;;;;1;1;1;0;;
AUT;Austria;2023;8949518;Western Europe;37430;;1;;;;;81;;;;;;;;;;;;;;;;;;;;;;;;;;;;;;;;;;;;;;;;;;;;;60;;;;;;;;;;;;;;;;;;;;;;;;;;;1;;;;;77;;;;;;;;;;;
BEL;Belgium;2018;11417328;Western Europe;35510;16;1;5;;;47;82;4;216;75;9;16;29;4;6;5;;96;;99;28;18;7;9;99;500;47;20;9;22;8;6;1;40;32;17;0;4;84;100;91;5;9;1;25064;1;2;0;11;6;5;63;205;3;4;87;1;2;3;26;1;19;54;13;9;18;;20;2;40,75;61;9;13;88;;97;36;35;1;76;3;86;29;87;75;12;1;10;36;1;1;1;0;82;-46
BEL;Belgium;2019;11479863;Western Europe;36110;15;1;4;16;;46;82;4;207;74;9;15;30;4;5;6;8;96;;99;;20;7;8;98;;47;;8;;8;6;1;42;36;17;0;6;84;100;93;4;10;1;25934;1;1;;11;5;5;63;211;3;;90;0;2;3;25;1;16;55;11;8;17;;24;2;;;9;13;85;;97;40;34;1;76;2;86;28;88;75;13;1;5;;1;1;1;0;82;-38
BEL;Belgium;2020;11541273;Western Europe;34050;14;1;4;;;46;81;5;240;75;8;15;31;4;5;4;;96;21;99;36;17;7;8;99;;49;;7;;8;5;0;43;38;17;0;;84;100;94;4;13;;26524;1;1;;11;6;4;63;209;3;;91;0;2;3;25;;16;51;;8;16;;22;2;;;8;11;81;;97;;;1;76;2;86;29;87;76;11;1;5;;1;1;1;0;;
BEL;Belgium;2021;11582160;Western Europe;36260;13;1;;;;45;82;5;;76;8;;28;4;5;5;;96;;99;;18;7;7;98;;51;;10;;8;5;1;44;38;20;;;84;100;94;4;13;;27726;1;1;;10;;4;64;214;3;;92;0;2;3;24;;17;56;;8;;29;21;;;;8;13;79;;97;;;1;76;;86;;88;73;;;;;1;1;1;0;;
BEL;Belgium;2022;11640679;Western Europe;37050;13;1;;;;;82;;;75;;;30;;3;;;;;99;46;;7;6;;486;51;25;10;22;8;;1;44;39;19;;;;100;95;5;;;;1;;;9;;4;65;224;;;94;1;;3;25;;21;;;8;;;;;;;;;77;;97;;;1;76;;86;;79;73;;;;;1;1;1;0;;
BEL;Belgium;2023;11671181;Western Europe;37300;;1;;;;;82;;;;;;;;;;;;;;;;;;;;;;;;;;;;;;;;;;;;;;;;;;;;;63;;;;;;;;;;;;;;;;;;;;;;;;;;;1;;;;;76;;;;;;;;;;;
BGR;Bulgaria;2018;7150032;Central and Eastern Europe;6330;22;6;21;;;8;75;2;414;67;23;9;28;7;5;9;;92;;;3;39;5;13;80;427;34;44;3;15;8;14;0;25;15;30;9;1;64;96;69;34;21;1;;1;3;0;18;5;10;12;4;1;3;72;20;1;1;40;2;49;32;20;18;13;;3;2;46,81;13;6;3;53;;100;74;6;1;99;2;99;30;65;42;22;1;2;9;1;1;0;0;83;
BGR;Bulgaria;2019;7084829;Central and Eastern Europe;6630;23;4;21;14;;8;75;2;420;67;21;8;30;7;4;9;2;93;;;;38;5;14;80;;33;;2;;8;14;0;27;19;28;8;2;65;96;70;30;22;1;;1;3;;17;4;9;14;5;1;;75;20;1;1;41;2;47;35;20;16;12;;2;2;;;6;3;65;;100;73;6;1;99;3;99;30;65;43;20;1;0;10;1;1;0;0;82;
BGR;Bulgaria;2020;7020235;Central and Eastern Europe;6400;24;4;19;;;8;74;2;529;67;19;8;32;7;4;7;;88;38;;7;36;6;13;80;;33;;2;;8;13;0;27;13;28;7;;65;96;71;28;23;;;1;4;;18;5;10;16;8;1;;79;21;1;1;40;;45;35;;14;11;;6;3;;;5;2;60;;100;;;1;99;3;99;31;65;44;19;1;4;;1;1;0;0;;
BGR;Bulgaria;2021;6938114;Central and Eastern Europe;6950;22;3;;;;8;71;3;;68;17;;30;6;3;8;;89;;;;34;5;12;79;;34;;2;;8;12;1;25;22;28;;;;96;72;24;17;;;1;3;;18;;10;18;6;1;;84;18;1;1;40;;44;28;;12;;2;5;;;;6;3;90;;100;;;1;99;;99;;63;42;;;;;1;1;0;0;;
BGR;Bulgaria;2022;6833621;Central and Eastern Europe;7680;23;2;;;;;74;;;68;;;31;;3;;;;;;11;;5;11;;414;34;54;2;17;8;;1;24;15;29;;;;96;73;23;;;;1;;;15;;10;16;7;;;87;9;;1;38;;44;;;15;;;;;;;;;93;;100;;;1;99;;99;;59;43;;;;;1;1;1;0;;
BGR;Bulgaria;2023;6730285;Central and Eastern Europe;7850;;1;;;;;74;;;;;;;;;;;;;;;;;;;;;;;;;;;;;;;;;;;;;;;;;;;;;19;;;;;;;;;;;;;;;;;;;;;;;;;;;1;;;;;63;;;;;;;;;;;
HRV;Croatia;2018;4176106;Central and Eastern Europe;12310;19;0;9;;;18;78;2;372;61;10;16;34;5;4;8;;93;;;12;11;6;3;76;472;35;31;3;9;10;11;2;21;17;18;1;0;37;;78;8;28;1;13932;1;3;0;16;9;5;26;3;1;3;82;11;1;2;30;1;44;25;20;5;11;;5;1;37,42;25;4;4;94;6;82;13;3;1;81;2;100;;71;48;3;1;0;31;1;0;1;0;66;
HRV;Croatia;2019;4144864;Central and Eastern Europe;12810;18;0;7;23;;17;79;2;361;61;8;14;37;5;3;7;4;93;;;;11;6;3;79;;36;;4;;11;12;2;20;27;21;1;0;37;;78;7;28;1;14586;1;3;;14;7;5;26;5;1;;81;11;1;2;29;1;42;30;16;5;10;;5;1;;;4;4;96;;82;14;3;1;81;2;100;;71;47;3;1;0;35;1;0;1;0;68;
HRV;Croatia;2020;4114639;Central and Eastern Europe;11770;18;0;7;;;17;78;0;395;64;5;13;41;5;5;6;;91;36;;19;10;7;2;79;;37;;3;;11;11;2;31;26;18;1;;37;;78;6;31;;14804;1;3;;15;8;5;24;6;1;;85;11;1;2;28;;38;30;;4;9;;6;2;;;4;4;95;;82;;;1;81;2;100;;71;47;2;1;0;;1;0;1;0;;
HRV;Croatia;2021;4079100;Central and Eastern Europe;13610;19;0;;;;18;77;3;;63;4;;38;5;4;7;;89;;;;9;6;2;78;;36;;5;;11;11;1;32;23;21;;;31;;78;6;31;;16433;1;2;;15;;5;23;7;1;;86;10;1;2;29;;34;31;;5;;7;6;1;;;4;4;96;;82;;;1;81;;100;;72;47;;;;;1;0;1;0;;
HRV;Croatia;2022;4041171;Central and Eastern Europe;14750;18;0;;;;;78;;;63;;;44;;4;;;;;;27;;6;2;;474;36;33;4;13;10;;1;33;28;15;;;;;;7;;;;1;;;13;;5;22;8;;;86;11;;2;29;;32;;;4;;;;;;;;;96;;82;;;1;81;;100;;70;50;;;;;1;0;1;0;;
HRV;Croatia;2023;4019544;Central and Eastern Europe;15320;;0;;;;;;;;;;;;;;;;;;;;;;;;;;;;;;;;;;;;;;;;;;;;;;;;;;24;;;;;;;;;;;;;;;;;;;;;;;;;;;1;;;;;72;;;;;;;;;;;
CYP;Cyprus;2018;864236;Southern Europe;24500;15;0;10;;;39;83;;183;78;5;5;23;3;3;6;;90;;;1;44;6;8;88;438;59;37;7;9;10;10;1;18;12;19;1;92;83;100;77;22;14;1;19352;;2;0;15;8;7;39;56;1;3;86;13;0;2;29;1;5;17;13;2;30;;3;2;35,27;85;8;9;99;52;50;23;22;1;72;2;37;55;80;59;14;2;0;30;;;;0;81;
CYP;Cyprus;2019;875899;Southern Europe;25510;15;0;9;15;;42;82;;177;78;6;4;25;3;2;6;0;86;;;;34;6;9;90;;60;;6;;12;10;1;18;9;19;1;113;;100;77;21;14;1;20693;;2;;14;7;7;44;54;1;;90;10;0;3;31;1;5;17;13;2;31;;3;2;;;8;8;99;;50;22;21;1;74;1;37;49;78;58;13;1;0;32;;;;0;81;
CYP;Cyprus;2020;888005;Southern Europe;24350;14;0;8;;;43;82;;183;78;3;3;25;3;1;5;;86;28;;0;18;6;12;91;;58;;5;;12;10;1;22;12;18;0;;83;100;77;21;17;;20792;1;4;;15;8;7;43;73;1;;93;6;1;3;29;;4;17;;2;39;;4;2;;;8;7;100;;50;;;1;74;1;37;8;80;57;10;1;0;;1;1;1;0;;
CYP;Cyprus;2021;896007;Southern Europe;26520;14;0;;;;46;81;;;77;4;;25;3;0;5;;86;;;;10;6;10;86;;58;;10;;12;10;1;14;9;19;;;;100;77;19;18;;21545;1;1;;15;;8;37;47;1;;93;2;1;5;29;;5;15;;3;;10;3;;;;8;9;93;;50;;;1;74;;37;;80;53;;;;;1;1;1;0;;
CYP;Cyprus;2022;904705;Southern Europe;27480;14;0;;;;;82;;;78;;;27;;0;;;;;;6;;6;8;;403;59;53;11;11;12;;1;14;10;22;;;;100;77;19;;;;1;;;15;;8;39;46;;;94;3;;5;29;;6;;;3;;;;;;;;;99;;50;;;1;74;;37;;66;52;;;;;1;1;1;;;
CYP;Cyprus;2023;904705;Southern Europe;27720;;0;;;;;82;;;;;;;;;;;;;;;;;;;;;;;;;;;;;;;;;;;;;;;;;;;;;39;;;;;;;;;;;;;;;;;;;;;;;;;;;1;;;;;69;;;;;;;;;;;
CZE;Czechia;2018;10533355;Central and Eastern Europe;17990;10;0;3;;;20;79;4;319;62;5;13;42;3;1;6;;96;;100;10;14;7;6;87;495;33;20;9;19;15;20;0;21;14;10;0;11;82;98;88;3;15;1;18669;1;3;0;10;2;3;32;23;2;3;86;5;1;2;24;1;29;32;20;8;8;;11;2;46,28;22;10;5;82;;;;;1;95;3;92;18;78;59;8;1;3;8;1;1;1;0;85;3
CZE;Czechia;2019;10535831;Central and Eastern Europe;18460;10;0;3;20;;18;79;3;309;62;5;11;44;3;1;6;4;92;;100;;14;;7;86;;33;;8;;15;19;0;21;18;10;0;12;83;98;89;3;16;1;19531;1;2;;10;2;4;33;19;2;;87;6;2;2;24;1;30;33;14;7;7;;11;2;;;10;5;81;;;;;1;95;2;92;18;75;56;8;1;5;9;1;1;1;0;85;3
CZE;Czechia;2020;10537911;Central and Eastern Europe;17400;10;0;2;;;18;78;4;340;63;4;12;44;3;0;5;;94;30;100;9;12;7;8;86;;33;;6;;15;16;1;20;17;10;0;;83;98;89;2;17;;19708;1;2;;11;3;4;35;19;2;;88;4;2;2;24;;28;41;;7;7;;12;3;;;9;4;82;;;;;1;95;3;92;19;76;54;6;1;2;;1;1;1;0;;
CZE;Czechia;2021;10523996;Central and Eastern Europe;18020;9;0;;;;18;77;4;;68;4;;33;3;0;5;;94;;100;;13;7;6;84;;35;;6;;15;15;0;22;23;10;;;85;98;89;2;18;;21090;1;2;;11;;4;36;19;2;;89;7;2;2;25;;33;43;;6;;10;11;;;;9;5;81;;;;;1;95;;92;;77;54;;;;;1;1;1;0;;
CZE;Czechia;2022;10497505;Central and Eastern Europe;18460;10;0;;;;;79;;;68;;;40;;0;;;;;100;16;;7;6;;491;35;26;9;22;15;;0;23;21;11;;;;98;90;3;;;21926;1;;;11;;3;33;21;;;91;4;;2;25;;29;;;7;;;;;;;;;77;;;;;1;95;;92;;81;56;;;;;1;1;1;0;;
CZE;Czechia;2023;10490467;Central and Eastern Europe;18370;;0;;;;;79;;;;;;;;;;;;;;;;;;;;;;;;;;;;;;;;;;;;;;;;;;;;;40;;;;;;;;;;;;;;;;;;;;;;;;;;;1;;;;;84;;;;;;;;;;;
DNK;Denmark;2018;5752394;Northern Europe;48450;13;1;3;;;26;81;1;225;71;5;10;17;4;1;3;;95;;100;41;14;8;10;100;501;46;15;24;10;7;15;1;36;28;20;0;4;97;100;98;3;35;1;24209;1;1;0;10;5;6;58;412;3;4;93;2;2;5;28;1;30;50;12;15;16;;8;3;79,99;46;6;13;87;36;87;31;2;1;89;;99;;86;88;7;1;6;34;1;1;1;1;86;6
DNK;Denmark;2019;5780978;Northern Europe;48970;13;1;3;17;;25;82;1;217;70;5;11;20;4;2;3;9;96;;100;;14;8;10;98;;47;;25;;7;14;1;40;30;22;0;3;98;100;99;3;37;1;24545;1;1;;10;5;6;58;415;3;;95;1;2;5;28;1;31;52;10;16;15;;8;3;;;5;13;88;;87;30;2;1;89;;99;;90;87;8;1;3;35;1;1;1;1;86;6
DNK;Denmark;2020;5810778;Northern Europe;47680;12;1;2;;;26;82;2;209;71;4;10;18;4;2;3;;94;16;100;38;13;8;9;98;;47;;20;;7;14;0;40;34;23;0;;98;100;99;3;32;;24756;1;1;;10;6;6;59;415;3;;95;3;2;5;27;;28;45;;14;17;;8;3;;;5;10;91;;87;;;1;89;;99;;92;88;7;1;2;;1;1;1;1;;
DNK;Denmark;2021;5840504;Northern Europe;50740;12;1;;;;23;82;1;;67;4;;24;4;1;2;;95;;100;;13;8;10;97;;50;;22;;7;14;1;41;35;23;;;98;100;99;3;35;;25618;1;1;;8;;6;60;452;3;;96;2;2;6;27;;26;58;;16;;10;8;4;;;5;10;92;;87;;;1;89;;99;;91;88;;;;;1;1;1;1;;
DNK;Denmark;2022;5867977;Northern Europe;51660;12;1;;;;;81;;;63;;;23;;2;;;;;100;66;13;8;10;;491;49;20;28;12;5;;1;43;41;22;;;;100;99;5;;;27123;1;;;8;;6;60;453;;;95;2;;5;28;;25;;;15;;;;;;;;;94;;87;;;1;89;;99;;90;90;;;;;1;1;1;1;;
DNK;Denmark;2023;5896546;Northern Europe;52270;;1;;;;;;;;;;;;;;;;;;;;;;;;;;;;;;;;;;;;;;;;;;;;;;;;;;66;;;;;;;;;;;;;;;;;;;;;;;;;;;1;;;;;89;;;;;;;;;;;
EST;Estonia;2018;1319304;Baltic States;14920;22;6;4;;;9;79;;386;52;13;15;43;3;2;5;;87;;95;24;25;6;12;92;526;41;10;19;9;6;22;1;30;8;23;4;8;83;97;90;2;30;2;15421;1;2;0;12;5;9;35;36;1;3;90;3;1;2;31;1;13;28;6;4;14;;14;5;52,73;51;14;8;67;2;98;7;4;1;95;2;93;5;86;73;7;2;0;21;1;1;1;0;87;0
EST;Estonia;2019;1324991;Baltic States;15450;22;5;3;22;;9;79;;364;57;13;15;45;2;0;4;3;88;;95;;24;6;11;92;;41;;20;;6;22;1;29;9;24;4;5;83;97;90;3;32;3;16089;1;3;;10;5;10;37;36;2;;90;2;1;3;31;1;18;31;5;4;14;;16;5;;;9;8;63;;98;7;4;1;95;2;93;5;88;74;7;2;0;20;1;1;1;0;86;0
EST;Estonia;2020;1329086;Baltic States;15260;21;5;3;;;9;79;;376;58;10;16;47;2;0;4;;91;18;95;23;21;7;9;92;;40;;17;;4;21;1;30;9;23;3;;83;97;90;3;30;;16435;1;2;;11;7;10;32;43;2;;90;2;1;3;31;;17;29;;4;10;;16;5;;;7;7;63;;98;;;1;95;2;93;6;87;75;6;3;0;;1;1;1;0;;
EST;Estonia;2021;1329802;Baltic States;16350;21;4;;;;9;77;;;58;9;;41;2;3;4;;89;;96;;22;7;10;92;;43;;18;;4;21;1;27;9;23;;;82;97;90;2;38;;17576;1;2;;11;;10;35;52;2;;92;4;1;3;31;;19;30;;4;;12;15;;;;8;9;68;;98;;;1;95;;93;;85;74;;;;;1;1;1;0;;
EST;Estonia;2022;1327600;Baltic States;16250;23;4;;;;;78;;;58;;;44;;5;;;;;96;41;22;6;11;;516;44;15;21;13;3;;1;28;10;25;;;;97;90;3;;;;1;;;11;;11;38;50;;;92;3;;3;32;;21;;;5;;;;;;;;;65;;98;;;1;95;;93;;89;74;;;;;1;1;1;1;;
EST;Estonia;2023;1324524;Baltic States;15370;;3;;;;;;;;;;;;;;;;;;;;;;;;;;;;;;;;;;;;;;;;;;;;;;;;;;35;;;;;;;;;;;;;;;;;;;;;;;;;;;1;;;;;85;;;;;;;;;;;
EUU;European Union;2018;;;;17;2;6;;;24;81;3;250;68;12;10;20;4;3;5;;93;;99;18;18;7;11;92;488;39;23;11;16;11;13;1;32;29;17;2;6;80;97;90;8;19;1;22300;1;2;0;14;7;9;52;148;2;4;88;6;1;2;30;1;28;44;15;10;14;;13;2;41,19;26;7;6;79;36;82;28;10;1;77;3;78;26;80;65;11;1;3;21;1;1;1;0;87;26
EUU;European Union;2019;;;;16;2;5;16;;23;81;3;244;68;11;10;21;4;2;5;4;93;;99;;18;7;10;93;;39;;11;;11;12;1;33;31;18;2;5;80;97;90;7;19;1;22954;1;2;;13;7;9;54;148;2;;89;5;1;2;30;1;28;45;13;9;13;;13;2;;;7;6;80;;83;29;10;1;78;2;78;22;79;65;11;1;3;21;1;1;1;0;87;23
EUU;European Union;2020;;;;17;2;6;;;23;81;3;272;69;8;10;22;4;3;4;;91;24;99;21;17;7;10;93;;40;;9;;11;12;1;34;32;19;1;;80;97;90;7;21;;23186;1;2;;14;7;9;54;147;2;;91;4;1;2;30;;29;47;;8;15;;13;2;;;6;5;78;;83;;;1;78;2;79;22;80;65;10;1;4;;1;1;1;0;;
EUU;European Union;2021;;;;17;1;;;;22;80;3;;68;8;;21;4;2;4;;91;;99;;17;7;10;92;;41;;11;;11;11;1;34;33;19;;;80;97;91;7;21;;24193;1;2;;13;;9;55;151;2;;92;4;1;2;30;;28;47;;8;;8;13;;;;6;6;81;;83;;;1;78;;79;;80;66;;;;;1;1;1;0;;
EUU;European Union;2022;;;;16;1;;;;;81;;;67;;;21;;2;;;;;;34;;7;10;;477;42;30;12;18;11;;1;34;35;19;;;;97;91;9;;;;1;;;12;;9;56;151;;;92;4;;2;30;;28;;;9;;;;;;;;;82;;83;;;1;78;;79;;76;66;;;;;1;1;1;0;;
EUU;European Union;2023;;;;;1;;;;;;;;;;;;;;;;;;;;;;;;;;;;;;;;;;;;;;;;;;;;;;;;;;57;;;;;;;;;;;;;;;;;;;;;;;;;;;1;;;;;77;;;;;;;;;;;
FIN;Finland;2018;5513064;Northern Europe;36740;12;1;3;;;13;82;2;230;69;5;14;26;2;4;4;;91;;100;44;18;8;8;86;516;40;15;29;11;4;17;0;42;35;20;0;1;85;100;89;2;41;1;24181;1;1;0;10;7;3;55;313;3;4;94;2;2;4;26;1;20;42;6;4;5;;6;6;51,82;31;8;10;85;3;61;;0;1;72;;76;;90;85;7;1;2;18;1;1;1;0;89;5
FIN;Finland;2019;5517858;Northern Europe;37150;12;1;2;21;;13;82;2;223;69;5;13;29;2;3;4;;91;;100;;17;8;7;89;;42;;29;;3;17;0;47;34;21;0;1;85;100;90;2;43;1;24665;1;1;;9;7;3;56;309;3;;94;4;2;4;26;1;21;44;5;4;4;;6;6;;;8;9;86;;61;0;0;1;72;;76;;92;86;6;1;3;22;1;1;1;0;88;5
FIN;Finland;2020;5525215;Northern Europe;36220;12;1;3;;;12;82;2;229;70;4;13;25;2;4;4;;90;15;100;53;16;8;8;91;;44;;27;;3;17;0;46;35;23;0;;85;100;90;2;44;;25072;1;1;;10;8;3;55;343;3;;96;4;2;4;27;1;21;42;;4;5;;6;6;;;7;7;89;;61;;;1;72;;76;;92;85;7;1;7;;1;1;1;0;;
FIN;Finland;2021;5533721;Northern Europe;37170;11;1;;;;12;82;3;;70;4;;25;2;4;4;;89;;100;;16;8;8;91;;40;;31;;2;17;0;46;35;24;;;85;100;90;1;43;;25826;1;1;;9;;3;54;380;3;;97;3;2;4;26;;21;39;;4;;5;2;6;;;7;8;88;;61;;;1;72;;76;;93;88;;;;;1;1;1;0;;
FIN;Finland;2022;5538263;Northern Europe;37560;13;1;;;;;81;;;65;;;22;;5;;;;;100;65;;8;8;;495;41;25;25;12;1;;0;46;36;24;;;;100;90;1;;;27009;1;;;9;;3;55;386;;;98;2;;4;27;;23;;;5;;;;;;;;;89;;61;;;1;72;;76;;88;87;;;;;1;1;1;1;;
FIN;Finland;2023;5543228;Northern Europe;36980;;1;;;;;;;;;;;;;;;;;;;;;;;;;;;;;;;;;;;;;;;;;;;;;;;;;;58;;;;;;;;;;;;;;;;;;;;;;;;;;;1;;;;;88;;;;;;;;;;;
FRA;France;2018;64213858;Western Europe;32800;13;0;5;;;19;83;4;189;68;9;13;13;4;2;5;;90;;100;25;10;7;9;100;494;47;21;19;21;6;17;1;37;44;19;0;2;80;99;89;5;16;1;24609;1;3;0;13;9;7;61;156;2;4;89;2;2;2;29;1;24;41;12;5;13;;20;2;47,30;20;5;6;79;21;78;25;14;1;74;;71;28;78;72;15;1;4;29;1;1;1;0;87;47
FRA;France;2019;64341757;Western Europe;33250;14;0;5;15;;19;83;4;186;67;9;13;14;4;2;5;4;92;;100;;9;7;8;100;;48;;20;;6;16;1;37;45;20;0;3;80;99;89;6;17;1;25524;1;4;;12;8;7;67;152;2;;90;2;2;2;29;1;23;41;10;6;12;;20;2;;;5;6;80;;82;27;13;1;79;;76;19;78;69;15;1;8;30;1;1;1;0;86;43
FRA;France;2020;64457760;Western Europe;30630;14;0;5;;;18;82;4;202;68;8;13;18;4;5;4;;92;28;100;;9;7;8;100;;49;;13;;6;16;1;39;45;20;0;;80;100;90;7;19;;25926;1;3;;13;8;7;67;157;2;;;;2;2;29;;25;42;;6;18;;19;2;;;4;5;77;;82;;;1;81;;78;19;77;69;18;1;11;;1;1;1;1;;
FRA;France;2021;64502346;Western Europe;32490;14;0;;;;18;82;3;;68;8;;22;4;3;4;;92;;100;;9;7;8;100;;50;;11;;6;15;1;39;45;21;;;;100;90;6;19;;27247;1;3;;13;;7;67;158;2;;93;3;2;2;29;;25;44;;;;6;20;;;;5;5;76;;82;;;1;81;;78;;77;71;;;;;1;1;1;1;;
FRA;France;2022;64560542;Western Europe;33180;16;0;;;;;82;;;65;;;21;;5;;;;;100;54;;7;8;;478;50;29;13;21;6;;1;37;45;19;;;;100;90;11;;;;1;;;12;;8;67;161;;;92;2;;2;30;;24;;;7;;;;;;;;;76;;82;;;1;81;;78;;79;72;;;;;1;1;1;1;;
FRA;France;2023;64692714;Western Europe;33290;;0;;;;;;;;;;;;;;;;;;;;;;;;;;;;;;;;;;;;;;;;;;;;;;;;;;75;;;;;;;;;;;;;;;;;;;;;;;;;;;1;;;;;79;;;;;;;;;;;
DEU;Germany;2018;82764764;Western Europe;35650;16;1;3;;;30;81;3;241;66;7;11;28;4;0;4;;91;;100;14;13;7;10;94;500;32;21;8;18;8;20;1;31;34;17;0;6;96;100;97;3;17;1;28711;1;1;0;9;3;9;74;322;3;4;94;2;2;2;31;1;19;67;13;14;13;;12;2;34,37;29;9;8;93;26;81;11;8;1;78;;78;27;86;80;13;0;8;24;1;1;1;1;87;83
DEU;Germany;2019;83028627;Western Europe;35950;15;0;3;19;;29;81;3;231;66;6;10;31;4;1;4;5;91;;100;;13;7;10;94;;33;;8;;8;19;1;32;36;17;0;3;96;100;97;3;17;1;29047;1;1;;9;3;8;75;322;3;;95;0;2;2;30;1;21;67;11;14;12;;13;2;;;9;8;93;;81;12;8;1;79;;79;26;85;80;13;0;6;23;1;1;1;1;87;76
DEU;Germany;2020;83267655;Western Europe;34550;16;1;6;;;26;81;3;238;64;5;10;30;4;0;3;;91;23;100;18;12;7;10;94;;35;;8;;8;18;;31;36;18;0;;;100;97;7;19;;29567;1;1;;10;4;9;75;311;3;;96;0;2;2;31;;22;70;;9;12;;13;2;;;8;7;90;;81;;;1;79;;79;25;88;80;8;0;3;;1;1;1;1;;
DEU;Germany;2021;83390320;Western Europe;35630;16;1;;;;26;81;4;;63;5;;27;4;0;3;;91;;100;;12;7;13;93;;37;;8;;7;18;1;35;36;19;;;;100;97;3;19;;30447;1;1;;10;;9;76;311;3;;92;2;2;2;31;;22;68;;11;;13;13;;;;8;7;90;;81;;;1;79;;79;;85;80;;;;;1;1;1;1;;
DEU;Germany;2022;83426789;Western Europe;36010;15;1;;;;;81;;;64;;;26;;0;;;;;;19;11;7;12;;482;37;30;8;19;8;;1;35;37;19;;;;100;97;7;;;32197;1;;;9;;7;76;297;;;91;0;;2;29;;24;;;12;;;;;;;;;90;;81;;;1;79;;79;;82;79;;;;;1;1;1;1;;
DEU;Germany;2023;83312897;Western Europe;35590;;1;;;;;;;;;;;;;;;;;;;;;;;;;;;;;;;;;;;;;;;;;;;;;;;;;;68;;;;;;;;;;;;;;;;;;;;;;;;;;;1;;;;;82;;;;;;;;;;;
GRC;Greece;2018;10661839;Southern Europe;17430;19;2;17;;;11;82;2;229;76;4;5;8;4;19;7;;97;;100;7;36;5;5;51;453;43;36;5;12;22;10;1;18;9;16;0;12;95;99;90;23;18;1;14789;1;1;0;19;19;11;36;11;1;3;76;22;1;2;32;1;44;20;13;40;13;;3;2;39,98;23;7;5;97;64;87;30;12;1;87;;90;;71;45;14;1;2;31;1;1;1;0;84;2
GRC;Greece;2019;10604702;Southern Europe;17780;18;3;16;17;;11;82;3;231;79;5;5;10;4;17;6;0;97;;100;;34;6;4;69;;42;;4;;21;;1;22;10;20;0;13;94;99;91;18;20;1;15624;1;1;;18;17;10;36;13;1;;79;20;1;2;31;1;46;21;14;36;13;;4;2;;;6;5;96;;87;21;9;1;87;;90;;71;48;17;1;0;27;1;1;1;0;85;2
GRC;Greece;2020;10543346;Southern Europe;16150;18;3;17;;;11;81;4;245;79;4;4;9;4;16;6;;97;42;100;8;33;6;4;;;44;;4;;19;;1;22;13;27;0;;95;99;91;17;22;;15018;1;1;;19;16;10;37;13;2;;80;17;1;2;31;;44;;;33;13;;4;2;;;5;4;97;;87;;;1;87;;90;;71;50;18;1;0;;1;0;1;0;;
GRC;Greece;2021;10481118;Southern Europe;17600;20;3;;;;11;80;4;;78;4;;6;4;8;6;;97;;100;;33;6;3;;;44;;4;;20;;1;21;20;21;;;95;99;92;18;22;;16343;1;;;17;;11;40;19;1;;85;13;1;2;32;;43;;;29;;5;3;;;;5;5;96;;87;;;1;87;;90;;71;49;;;;;1;0;1;0;;
GRC;Greece;2022;10409612;Southern Europe;18690;19;2;;;;;81;;;77;;;9;;10;;;;;;26;;6;4;;436;45;47;4;12;21;;1;19;24;20;;;;99;92;19;;;;1;;;15;;11;43;18;;;85;14;;2;31;;42;;;27;;;;;;;;;97;;87;;;1;87;;90;;56;52;;;;;1;0;1;0;;
GRC;Greece;2023;10360330;Southern Europe;19150;;2;;;;;;;;;;;;;;;;;;;;;;;;;;;;;;;;;;;;;;;;;;;;;;;;;;42;;;;;;;;;;;;;;;;;;;;;;;;;;;1;;;;;55;;;;;;;;;;;
HUN;Hungary;2018;9779244;Central and Eastern Europe;12690;13;3;10;;;13;76;4;502;61;7;17;22;4;2;7;;99;;94;22;27;6;13;92;479;31;26;6;23;11;14;1;13;15;9;3;1;80;96;88;6;13;2;14981;1;2;0;11;4;8;30;12;2;3;83;11;1;1;29;1;27;37;18;10;23;;7;1;44,02;19;5;4;72;;;;;1;84;;87;;71;46;5;1;8;18;1;0;0;0;85;6
HUN;Hungary;2019;9773471;Central and Eastern Europe;13310;12;2;9;25;;13;77;4;489;58;6;16;25;4;1;6;4;99;;94;;28;6;12;93;;31;;6;;11;18;1;12;13;11;3;1;80;98;88;5;13;1;15720;1;2;;11;3;8;33;10;1;;86;10;1;1;28;1;27;36;14;4;22;;7;1;;;5;4;71;;;;;1;84;;87;;70;44;5;1;5;17;1;0;0;0;85;6
HUN;Hungary;2020;9770120;Central and Eastern Europe;12740;12;2;8;;;14;76;4;530;62;5;17;24;4;1;5;;99;28;94;23;26;6;12;93;;31;;5;;11;17;1;13;10;12;2;;81;99;88;4;14;;15754;1;2;;12;4;8;33;11;2;;88;10;1;1;28;;22;32;;5;20;;5;1;;;5;3;70;;;;;1;84;;87;;69;44;5;1;4;;1;0;0;0;;
HUN;Hungary;2021;9731025;Central and Eastern Europe;13690;13;2;;;;14;74;5;;65;4;;26;4;1;6;;99;;95;;25;6;12;93;;33;;6;;11;17;1;13;9;14;;;84;100;88;5;14;;17170;1;2;;12;;8;36;12;2;;91;9;1;1;28;;24;35;;2;;;7;;;;5;4;60;;;;;1;84;;87;;68;43;;;;;1;0;0;0;;
HUN;Hungary;2022;9688547;Central and Eastern Europe;14360;12;2;;;;;76;;;63;;;27;;1;;;;;;36;28;6;12;;477;32;29;8;25;10;;1;13;10;14;;;;100;88;5;;;;1;;;11;;7;38;11;;;91;8;;1;27;;24;;;8;;;;;;;;;63;;;;;1;84;;87;;60;42;;;;;1;0;0;0;;
HUN;Hungary;2023;10246068;Central and Eastern Europe;14370;;2;;;;;;;;;;;;;;;;;;;;;;;;;;;;;;;;;;;;;;;;;;;;;;;;;;30;;;;;;;;;;;;;;;;;;;;;;;;;;;1;;;;;63;;;;;;;;;;;
ISL;Iceland;2018;348683;EFTA;39870;9;0;1;;;3;83;;178;77;3;10;20;3;5;5;;91;;100;15;16;;22;97;481;47;21;22;9;6;14;;38;46;17;0;0;;100;;1;77;0;;;2;1;5;3;7;44;94;2;3;99;0;2;5;23;;28;28;6;9;19;;;4;48,04;128;10;12;;27;15;32;2;1;18;;36;;86;76;3;0;4;7;;;;0;78;1
ISL;Iceland;2019;357209;EFTA;39920;;0;;22;;3;83;;162;;4;11;;3;;2;2;92;;100;;16;8;18;97;;47;;22;;6;14;0;38;46;19;;0;;100;;;79;0;;;1;;6;4;;47;139;2;;98;0;;5;;;;;6;;;;;4;;;10;10;;;15;38;2;1;18;;36;;85;78;;0;;;;;;0;78;1
ISL;Iceland;2020;364340;EFTA;36690;;0;;;;3;83;;156;;4;13;;3;;2;;93;;100;38;15;8;15;96;;42;;20;;6;12;0;40;44;21;;;;100;;;84;;;;2;;7;6;;45;112;2;;98;0;;5;;;;26;;;;;;4;;;9;8;;;15;;;1;18;;36;;85;75;;1;;;;;;0;;
ISL;Iceland;2021;368998;EFTA;38000;;0;;;;3;83;;;;3;;;3;;2;;92;;100;;15;8;14;97;;42;;24;;7;10;0;48;47;24;;;;100;;;86;;;;0;;7;;;44;169;3;;98;0;2;5;;;;26;;;;19;;;;;9;8;;;16;;;1;20;;36;;85;74;;;;;;;;0;;
ISL;Iceland;2022;371672;EFTA;40430;;0;;;;;82;;;;;;;;;;;;;;;15;7;17;;447;40;34;27;9;5;;0;48;45;20;;;;100;;;;;;;;;5;;;45;128;;;;;;5;;;;;;;;;;;;;;;;;16;;;1;20;;36;;83;74;;;;;;;;0;;
ISL;Iceland;2023;374125;EFTA;41030;;0;;;;;;;;;;;;;;;;;;;;;;;;;;;;;;;;;;;;;;;;;;;;;;;;;;42;;;;;;;;;;;;;;;;;;;;;;;;;;;1;;;;;83;;;;;;;;;;;
IRL;Ireland;2018;4802050;Western Europe;57610;15;0;5;;;30;82;1;208;84;7;9;22;3;3;3;;92;;100;7;12;7;5;100;505;56;16;13;12;12;11;3;24;19;19;0;1;62;96;79;4;11;1;20359;;2;1;12;6;5;53;170;1;3;89;11;1;3;29;1;4;38;9;3;12;;2;1;120,27;64;8;14;71;25;78;13;10;1;79;1;99;13;85;73;10;0;4;20;;;;0;86;-126
IRL;Ireland;2019;4866964;Western Europe;59840;13;0;5;;;28;83;1;198;84;6;8;21;3;2;3;6;91;;100;;12;7;5;100;;55;;13;;13;11;2;24;26;21;0;1;62;96;79;5;12;1;21192;;2;;11;5;4;54;179;1;;91;6;1;3;28;;6;37;9;4;13;;2;1;;;8;25;73;;83;17;10;1;83;1;99;14;85;74;9;0;5;20;;;;0;87;-130
IRL;Ireland;2020;4925074;Western Europe;63120;14;0;4;;;27;83;0;211;84;5;10;19;3;3;3;;92;18;100;15;11;7;5;100;;58;;11;;13;10;2;27;29;21;0;;62;96;80;3;16;;21945;1;2;;14;6;6;53;197;1;;92;2;1;3;28;;9;41;;5;17;;2;1;;;7;18;75;;83;;;1;83;1;99;14;87;72;11;0;3;;1;1;1;0;;
IRL;Ireland;2021;4967164;Western Europe;72110;13;0;;;;29;82;1;;81;5;;25;3;3;3;;90;;100;;11;7;3;96;;62;;14;;10;;2;28;30;20;;;62;96;80;3;13;;23433;1;1;;10;;4;53;202;1;;98;2;1;4;27;;6;;;3;;10;2;;;;8;14;78;;83;;;1;83;;99;;88;74;;;;;1;1;1;0;;
IRL;Ireland;2022;5005888;Western Europe;77430;14;0;;;;;;;;80;;;24;;3;;;;;100;33;11;7;4;;504;62;19;12;13;11;;1;28;34;22;;;;96;80;7;;;;1;;;9;;5;54;225;;;94;6;;4;28;;8;;;4;;;;;;;;;79;;83;;;1;83;;99;;88;77;;;;;1;1;1;1;;
IRL;Ireland;2023;5040329;Western Europe;72390;;0;;;;;;;;;;;;;;;;;;;;;;;;;;;;;;;;;;;;;;;;;;;;;;;;;;54;;;;;;;;;;;;;;;;;;;;;;;;;;;1;;;;;90;;;;;;;;;;;
ITA;Italy;2018;59938885;Southern Europe;27030;20;3;9;;;25;83;3;169;73;7;6;9;3;5;6;;93;;100;9;24;7;15;94;477;28;24;8;11;20;6;2;35;36;15;0;7;;93;79;14;18;1;21946;1;2;0;24;11;12;53;73;1;4;84;4;1;2;33;1;38;50;16;8;13;;19;2;29,86;20;6;5;90;52;78;42;7;1;76;2;85;;76;52;11;0;0;18;1;0;1;0;90;32
ITA;Italy;2019;59815966;Southern Europe;27230;20;3;7;12;;24;84;3;165;73;6;6;9;3;4;5;1;94;;100;;23;6;14;94;;28;;8;;19;5;2;36;36;15;1;7;;93;79;11;18;1;22458;1;2;;22;10;12;56;75;1;;85;6;1;2;33;;36;51;15;9;14;;20;2;;;6;5;88;;78;41;8;1;77;2;85;;75;53;9;0;0;17;1;0;1;0;90;29
ITA;Italy;2020;59639898;Southern Europe;24910;20;3;6;;;25;82;3;197;;4;6;;3;;4;;92;23;100;12;21;7;13;95;;29;;7;;20;4;2;36;38;16;1;;;93;79;8;20;;22328;1;3;;24;9;11;57;78;2;;88;4;1;2;33;;36;51;;7;20;;21;2;;;5;4;89;;78;;;1;77;2;85;;76;53;8;0;1;;1;0;1;0;;
ITA;Italy;2021;59361259;Southern Europe;27120;20;3;;;;25;83;3;;74;5;;7;3;3;5;;92;;100;;22;7;13;91;;28;;10;;19;5;2;36;39;16;;;;93;79;8;19;;23460;1;3;;23;;12;56;83;1;;90;5;1;2;33;;39;52;;7;;4;18;;;;6;5;88;;78;;;1;77;;85;;77;56;;;;;1;0;1;0;;
ITA;Italy;2022;59119400;Southern Europe;28250;20;3;;;;;83;;;73;;;9;;3;;;;;100;29;21;6;12;;477;29;30;10;13;20;;2;33;43;16;;;;93;79;9;;;;1;;;19;;12;55;82;;;91;5;;2;33;;33;;;7;;;;;;;;;90;;78;;;1;77;;85;;68;56;;;;;1;0;1;0;;
ITA;Italy;2023;58955548;Southern Europe;28520;;3;;;;;;;;;;;;;;;;;;;;;;;;;;;;;;;;;;;;;;;;;;;;;;;;;;59;;;;;;;;;;;;;;;;;;;;;;;;;;;1;;;;;72;;;;;;;;;;;
LVA;Latvia;2018;1945394;Baltic States;12140;23;2;10;;;7;75;;522;47;28;16;46;4;11;8;;96;;100;8;39;6;8;94;487;42;17;7;11;4;20;1;31;29;20;9;0;75;96;82;8;40;1;14829;;3;0;12;7;8;19;7;1;3;82;8;1;1;36;1;44;25;16;7;24;;5;2;52,87;56;4;7;93;5;96;;6;1;97;1;97;4;80;58;9;4;0;28;;;;0;84;0
LVA;Latvia;2019;1925867;Baltic States;12300;23;2;8;23;;7;76;;485;47;24;15;44;4;8;7;3;99;;100;;35;6;9;94;;44;;7;;4;21;1;30;32;24;8;0;78;96;84;8;41;1;15453;;3;;10;6;9;22;12;1;;85;8;1;1;35;1;40;41;12;5;19;;4;3;;;4;8;82;;96;5;6;1;97;1;97;5;80;56;6;3;0;28;;;;0;84;0
LVA;Latvia;2020;1907244;Baltic States;11940;22;3;7;;;7;76;;503;50;20;16;41;4;9;7;;99;32;100;18;32;6;7;94;;44;;7;;4;22;1;29;26;24;7;;77;97;85;6;42;;15875;1;2;;12;8;8;19;16;1;;90;4;1;1;35;1;43;40;;5;18;;5;3;;;4;7;68;;96;;;1;97;1;97;4;81;57;5;4;1;;1;1;1;0;;
LVA;Latvia;2021;1886860;Baltic States;12870;23;0;;;;7;73;;;50;16;;40;4;7;8;;94;;100;;27;6;7;95;;46;;9;;5;15;2;28;22;23;;;76;97;85;5;42;;17880;1;4;;12;;10;23;12;1;;91;3;1;2;36;;45;44;;5;;8;6;;;;4;8;73;;96;;;1;97;;97;;81;59;;;;;1;1;1;0;;
LVA;Latvia;2022;1860978;Baltic States;13220;23;0;;;;;75;;;50;;;41;;8;;;;;100;23;;6;7;;484;46;22;10;13;3;;1;30;19;23;;;;97;;7;;;;1;;;11;;9;33;12;;;91;4;;2;34;;46;;;5;;;;;;;;;76;;96;;;1;97;;97;;79;59;;;;;1;1;1;0;;
LVA;Latvia;2023;1840324;Baltic States;13220;;0;;;;;;;;;;;;;;;;;;;;;;;;;;;;;;;;;;;;;;;;;;;;;;;;;;26;;;;;;;;;;;;;;;;;;;;;;;;;;;1;;;;;83;;;;;;;;;;;
LTU;Lithuania;2018;2889989;Baltic States;13400;23;0;11;;;12;76;0;479;44;43;24;40;4;1;6;;92;;98;25;32;6;5;89;480;56;26;7;14;2;14;0;22;11;26;9;1;76;95;93;28;25;5;18002;;3;0;9;6;8;19;13;1;3;78;12;1;1;37;1;24;53;9;6;15;;4;2;68,96;64;5;7;85;;84;2;3;1;92;2;95;;78;59;4;3;1;12;;;;0;85;
LTU;Lithuania;2019;2862266;Baltic States;14060;21;0;9;19;;12;77;1;466;46;41;23;41;4;1;7;3;92;;99;;32;6;4;90;;55;;7;;2;13;1;24;12;24;9;1;77;95;94;27;25;5;19455;;3;;11;6;8;18;10;1;;82;8;1;1;35;1;27;50;11;5;14;;4;3;;;5;7;87;;84;3;2;1;92;2;95;;78;60;3;2;0;12;;;;0;85;
LTU;Lithuania;2020;2835900;Baltic States;14060;21;0;8;;;13;75;1;540;44;28;21;42;4;1;6;;90;28;99;30;29;6;6;91;;56;;7;;2;13;0;26;14;24;6;;77;95;94;23;27;;20522;1;3;;13;9;8;19;18;1;;82;9;1;2;35;;25;45;;3;11;;4;3;;;5;6;86;;84;;;1;92;2;95;;79;60;3;2;1;;1;1;1;0;;
LTU;Lithuania;2021;2804633;Baltic States;14870;20;0;;;;12;74;1;;48;26;;41;3;3;5;;88;;99;;30;7;5;92;;58;;9;;1;12;1;28;22;24;;;77;95;95;23;28;;20999;1;4;;13;;8;24;25;1;;87;7;1;2;35;;27;44;;3;;12;4;;;;5;8;89;;84;;;1;92;;95;;80;61;;;;;1;1;1;0;;
LTU;Lithuania;2022;2768668;Baltic States;15100;21;0;;;;;76;;;48;;;47;;1;;;;;99;44;30;7;5;;477;58;28;9;17;1;;1;28;25;23;;;;95;95;18;;;;1;;;11;;8;30;28;;;88;8;;2;36;;27;;;4;;;;;;;;;89;;84;;;1;92;;95;;84;62;;;;;1;1;1;0;;
LTU;Lithuania;2023;2731442;Baltic States;14840;;0;;;;;;;;;;;;;;;;;;;;;;;;;;;;;;;;;;;;;;;;;;;;;;;;;;32;;;;;;;;;;;;;;;;;;;;;;;;;;;1;;;;;87;;;;;;;;;;;
LUX;Luxembourg;2018;601959;Western Europe;83390;17;0;1;;;44;82;;198;69;8;9;13;3;1;6;;99;;100;25;10;7;6;87;477;54;27;18;19;8;1;1;22;13;14;0;0;;100;94;2;9;17;34034;;4;0;8;6;12;54;709;1;4;93;2;2;3;31;1;21;49;11;9;18;;11;2;57,16;90;16;23;73;;;;;1;84;;37;;85;81;11;0;3;49;;;;1;79;-57
LUX;Luxembourg;2019;613867;Western Europe;84070;18;0;1;17;;43;83;;178;72;9;12;11;3;1;4;11;99;;100;;10;7;7;88;;56;;19;;9;1;1;28;13;16;0;1;;100;95;2;7;12;34674;;3;;7;6;12;51;669;1;;95;1;2;4;32;1;20;49;10;10;15;;11;3;;;16;22;71;;;;;1;84;;37;;84;80;11;1;1;50;;;;1;78;-64
LUX;Luxembourg;2020;626079;Western Europe;82030;17;0;2;;;43;82;;194;74;6;10;9;3;1;4;;99;23;100;24;8;;8;90;;61;;16;;7;1;1;32;18;20;0;;;100;95;4;12;;35274;1;2;;8;7;12;52;638;1;;94;0;2;4;31;;20;53;;9;15;;10;3;;;13;18;82;;;;;1;84;;37;;85;80;11;0;2;;1;1;1;1;;
LUX;Luxembourg;2021;634720;Western Europe;86540;18;0;;;;43;83;;;77;6;;6;3;1;4;;99;;100;;9;;9;89;;63;;18;;7;0;1;35;22;20;;;;100;95;3;12;;36319;1;2;;9;;14;52;676;1;;99;0;2;4;30;;14;55;;5;;18;4;;;;13;21;82;;;;;1;84;;37;;82;81;;;;;1;1;1;1;;
LUX;Luxembourg;2022;643922;Western Europe;85850;17;0;;;;;83;;;74;;;12;;1;;;;;100;41;9;7;8;;;61;;18;;7;;1;35;22;21;;;;100;96;2;;;;1;;;7;;13;49;531;;;98;1;;4;30;;15;;;15;;;;;;;;;76;;;;;1;84;;37;;80;77;;;;;1;1;1;1;;
LUX;Luxembourg;2023;651276;Western Europe;83320;;0;;;;;;;;;;;;;;;;;;;;;;;;;;;;;;;;;;;;;;;;;;;;;;;;;;57;;;;;;;;;;;;;;;;;;;;;;;;;;;1;;;;;82;;;;;;;;;;;
MLT;Malta;2018;485498;Southern Europe;22550;17;0;3;;;106;83;;203;75;13;4;30;6;0;4;;96;;;11;34;7;14;94;459;40;30;11;11;22;13;2;15;10;18;0;26;0;100;88;8;8;1;;;2;0;7;4;6;;105;1;3;84;0;1;2;29;1;7;10;;2;7;;8;1;16,97;66;3;12;99;19;99;8;15;1;91;;;53;73;54;13;2;2;30;;;;0;74;-12
MLT;Malta;2019;497674;Southern Europe;23190;17;0;4;29;;106;83;;187;74;22;4;31;6;0;3;5;96;;;;34;7;14;92;;41;;12;;21;12;1;15;10;11;0;30;0;100;88;8;8;1;;;1;;8;4;7;;115;1;;86;22;1;2;28;1;7;9;;3;8;;8;1;;;3;16;98;;99;9;16;1;91;;;59;70;54;14;1;0;33;;;;0;75;-10
MLT;Malta;2020;509595;Southern Europe;20850;17;0;3;;;126;82;;204;76;31;4;27;6;0;2;;95;20;;13;30;6;13;89;;40;;11;;18;10;1;13;10;11;0;;7;100;88;7;11;;;1;3;;10;4;7;32;122;1;;90;5;1;2;30;;9;11;;3;6;;13;1;;;3;12;97;;99;;;1;91;;;59;70;53;11;1;1;;1;0;1;0;;
MLT;Malta;2021;521121;Southern Europe;23330;17;0;;;;120;83;;;73;12;;31;6;1;2;;90;;;;;6;11;86;;43;;14;;16;11;1;13;11;23;;;7;100;88;8;12;;;1;3;;10;;7;33;108;1;;91;0;1;2;31;;4;14;;3;;6;11;;;;3;16;97;;99;;;1;91;;;;70;54;;;;;1;0;1;0;;
MLT;Malta;2022;532375;Southern Europe;24560;17;0;;;;;83;;;77;;;31;;0;;;;;;18;;6;10;;459;42;33;13;10;13;;;28;16;18;;;;100;88;8;;;;1;;;7;;7;30;138;;;93;0;;2;31;;4;;;3;;;;;;;;;94;;99;;;1;91;;;;62;51;;;;;1;0;1;0;;
MLT;Malta;2023;534197;Southern Europe;25160;;0;;;;;;;;;;;;;;;;;;;;;;;;;;;;;;;;;;;;;;;;;;;;;;;;;;35;;;;;;;;;;;;;;;;;;;;;;;;;;;1;;;;;60;;;;;;;;;;;
MNE;Montenegro;2018;632007;Candidate Countries;6230;24;2;13;;;;77;;;71;15;;6;3;3;;;42;;;;;6;5;;422;34;46;3;7;14;;4;24;22;28;1;;;85;50;11;39;1;;;;;21;15;7;;3;1;3;72;;0;1;35;2;75;4;;15;24;;;;;;4;;;;0;21;8;1;18;;49;;69;45;6;;3;31;;;;;65;
MNE;Montenegro;2019;630902;Candidate Countries;6480;25;2;12;;;;77;;;69;15;;10;3;4;;;33;;;;;5;5;;;39;;3;;13;;4;30;21;;1;;;85;52;10;38;1;;;;;21;15;9;;0;;;74;;0;1;34;;75;5;;12;26;;;;;;4;;;;18;22;9;1;26;;49;;67;45;7;;5;34;;;;;67;
MNE;Montenegro;2020;629890;Candidate Countries;5490;23;3;14;;;;76;;;70;15;;8;3;2;;;24;;;;;6;4;;;40;;3;;13;;4;26;15;;1;;;85;53;13;44;;;;;;27;18;10;16;3;;;80;;;1;33;;77;5;;9;22;;;;;;4;;;;18;;;1;26;;49;;66;45;4;;5;;;;;;;
MNE;Montenegro;2021;628205;Candidate Countries;6230;21;2;;;;;74;;;73;16;;10;2;2;;;18;;;;;;;;;;;;;;;;27;20;;;;;85;55;18;40;;;;;;;;7;18;2;;;81;;;1;33;;77;5;;8;;1;;;;;3;;;;18;;;1;26;;49;;66;46;;;;;;;;;;
MNE;Montenegro;2022;627512;Candidate Countries;6650;;2;;;;;;;;;;;;;;;;;;;;;6;;;405;;60;;9;;;;;22;;;;;85;57;;;;;1;;;;;;16;0;;;81;;;1;;;;;;;;;;;;;;;;;18;;;1;26;;49;;67;45;;;;;1;0;1;;;
MNE;Montenegro;2023;626653;Candidate Countries;6650;;2;;;;;;;;;;;;;;;;;;;;;;;;;;;;;;;;;;;;;;;;;;;;;;;;;;16;;;;;;;;;;;;;;;;;;;;;;;;;;;1;;;;;74;;;;;;;;;;;
NLD;Netherlands;2018;17247839;Western Europe;41450;13;1;2;;;62;82;1;193;76;5;11;23;4;0;4;;93;;100;27;11;8;7;89;502;48;16;19;13;10;15;0;34;31;16;0;5;100;100;97;2;7;1;25289;1;1;0;6;4;6;68;414;2;4;98;0;2;3;27;1;12;56;12;9;16;;29;2;42,36;45;9;12;73;53;97;37;19;1;80;;87;;90;82;18;1;5;26;1;1;1;1;88;-106
NLD;Netherlands;2019;17324246;Western Europe;41980;13;1;3;15;;59;82;1;185;75;5;10;26;4;1;3;6;94;;100;;10;7;8;91;;49;;20;;9;15;0;35;34;17;0;5;100;100;97;3;9;1;25844;1;0;;6;3;6;69;400;2;;98;0;2;3;27;1;14;57;10;10;15;;30;2;;;9;12;74;;97;39;19;1;80;;87;;91;82;16;1;4;27;1;1;1;1;88;-111
NLD;Netherlands;2020;17402277;Western Europe;40130;13;1;2;;;59;81;2;200;78;4;10;26;4;1;3;;94;12;100;34;9;8;7;92;;52;;19;;8;14;0;33;37;18;0;;100;100;97;2;14;;26826;1;0;;6;4;6;68;366;2;;97;0;2;4;28;1;15;57;;8;15;;30;3;;;8;10;74;;97;;;1;80;;87;;90;82;16;1;7;;1;1;1;1;;
NLD;Netherlands;2021;17466838;Western Europe;42390;14;1;;;;58;81;1;;73;4;;27;4;1;3;;93;;100;;9;7;5;93;;56;;27;;8;14;1;38;38;18;;;100;100;97;2;13;;28265;1;0;;4;;5;68;375;2;;99;0;2;4;26;;12;58;;13;;25;34;;;;8;11;74;;97;;;1;80;;87;;90;82;;;;;1;1;1;1;;
NLD;Netherlands;2022;17536553;Western Europe;43800;15;1;;;;;82;;;71;;;29;;0;;;;;;49;;7;6;;480;56;27;26;15;8;;1;36;42;19;;;;100;97;5;;;30283;1;;;4;;5;69;387;;;98;0;;4;26;;9;;;22;;;;;;;;;75;;97;;;1;80;;87;;78;80;;;;;1;1;1;1;;
NLD;Netherlands;2023;17591475;Western Europe;43420;;1;;;;;;;;;;;;;;;;;;;;;;;;;;;;;;;;;;;;;;;;;;;;;;;;;;74;;;;;;;;;;;;;;;;;;;;;;;;;;;1;;;;;87;;;;;;;;;;;
MKD;North Macedonia;2018;2112654;Candidate Countries;4540;22;17;31;;;;77;;;76;13;;6;8;5;;;75;;;3;;5;7;40;400;34;61;2;11;21;;2;38;20;24;1;2;;80;12;25;18;1;;1;;0;30;21;9;;0;0;2;79;5;0;0;32;1;61;;;10;15;;;;23,97;17;3;3;;;;;;1;24;3;94;;68;37;5;;0;8;1;0;0;;70;
MKD;North Macedonia;2019;2114328;Candidate Countries;4750;22;16;30;;;;77;;;75;12;;8;7;5;;;75;;;;;5;7;42;;36;;3;;21;;2;40;17;24;2;3;;80;12;33;17;1;;1;;;25;17;9;;0;0;;82;4;0;0;31;;57;;;10;14;;;;;;4;3;;;;;;1;24;3;94;;68;35;7;;0;;1;1;0;;72;
MKD;North Macedonia;2020;2114024;Candidate Countries;4580;22;17;29;;;;74;;;77;12;;6;6;3;;;63;;;5;;5;6;30;;38;;3;;20;;2;36;21;23;2;;;80;12;24;19;;;1;;;26;16;8;;0;0;;79;4;0;0;31;;55;;;9;13;;;1;;;3;2;;;;;;1;27;3;94;;69;35;6;;0;;1;0;0;;;
MKD;North Macedonia;2021;2108119;Candidate Countries;4830;;15;;;;;73;;;;11;;;5;;;;70;;;;;6;;35;;;;;;;;;40;21;;;;;80;12;;17;;;1;;;;;;;3;;;84;5;;0;;;;;;;;2;;;;;3;3;;;;;;1;27;;94;;68;39;;;;;1;0;0;;;
MKD;North Macedonia;2022;2098541;Candidate Countries;4920;;15;;;;;;;;;;;;;;;;;;;;;5;;;376;;66;;13;;;;;24;;;;;80;12;;;;;1;;;;;;;1;;;;;;1;;;;;;;;;;;;;;;;;;;;1;27;;94;;68;40;;;;;1;0;0;;;
MKD;North Macedonia;2023;2088656;Candidate Countries;4980;;14;;;;;;;;;;;;;;;;;;;;;;;;;;;;;;;;;;;;;;;;;;;;;;;;;;16;;;;;;;;;;;;;;;;;;;;;;;;;;;1;;;;;74;;;;;;;;;;;
NOR;Norway;2018;5296038;EFTA;69840;13;1;2;;;29;83;2;178;77;4;13;15;2;2;2;;96;;100;29;14;7;10;97;497;49;19;20;8;4;13;0;41;40;22;0;0;67;99;78;1;72;0;28228;1;1;1;8;4;6;51;115;2;4;96;2;2;4;25;1;24;41;6;11;7;;;;46,50;55;8;11;;18;55;33;0;1;56;;64;;92;84;4;0;3;24;1;1;1;1;90;7
NOR;Norway;2019;5328602;EFTA;70150;13;1;2;14;;28;83;2;172;73;3;12;19;2;2;2;11;97;;100;;14;7;10;97;;48;;19;;4;13;0;41;40;21;0;0;66;99;78;1;74;0;28436;1;1;;8;4;6;52;121;2;;98;2;2;4;25;1;24;41;7;11;7;;;;;;8;11;;;55;31;0;1;57;;64;;92;84;4;1;2;;1;1;1;1;90;8
NOR;Norway;2020;5367955;EFTA;68850;13;1;2;;;28;83;1;172;75;3;12;18;2;1;2;;97;;100;33;14;7;10;97;;51;;16;;3;13;0;41;40;19;0;;67;99;78;1;77;;28280;1;1;;8;4;6;50;121;2;;96;8;2;5;25;1;24;41;;9;6;;;;;;8;8;;;55;;;1;57;;65;;92;84;4;1;2;;1;1;1;1;;
NOR;Norway;2021;5391723;EFTA;71160;;1;;;;29;83;1;;;3;;;2;;2;;97;;100;;14;7;12;97;;55;;20;;5;14;0;45;42;19;;;68;99;78;;74;;30056;1;1;;7;;;52;116;2;;99;0;2;5;;;;38;;;;12;;;;;8;7;;;55;;;1;57;;65;;93;85;;;;;1;1;1;1;;
NOR;Norway;2022;5414319;EFTA;72640;;1;;;;;83;;;;;;;;;;;;;100;52;;7;13;;474;56;31;21;10;6;;0;45;43;20;;;;99;78;;;;;1;;;7;;;52;122;;;99;0;;5;;;;;;;;;;;;;;;;;55;;;1;57;;65;;93;84;;;;;1;1;1;1;;
NOR;Norway;2023;5454319;EFTA;71870;;1;;;;;;;;;;;;;;;;;;;;;;;;;;;;;;;;;;;;;;;;;;;;;;;;;;57;;;;;;;;;;;;;;;;;;;;;;;;;;;1;;;;;95;;;;;;;;;;;
POL;Poland;2018;38533677;Central and Eastern Europe;12500;15;3;5;;;21;78;3;355;59;16;12;25;5;3;8;;93;;93;10;20;6;5;88;513;44;15;6;14;14;9;3;26;21;14;2;6;74;91;98;5;15;2;16166;1;2;0;12;4;10;28;14;1;3;84;6;1;1;28;1;48;34;24;6;12;;10;2;44,65;13;9;3;28;51;87;34;3;1;89;3;92;;73;60;5;1;0;10;1;1;1;0;89;6
POL;Poland;2019;38509236;Central and Eastern Europe;13070;15;2;4;19;;20;78;3;352;60;15;12;26;4;2;8;1;93;;93;;20;6;5;90;;44;;5;;15;7;3;28;24;14;2;9;74;90;98;4;15;2;16933;1;1;;12;3;10;27;12;1;;87;6;1;1;29;;45;34;19;6;11;;10;2;;;8;3;22;;87;37;1;1;89;3;92;;71;58;4;1;0;12;1;0;1;0;89;5
POL;Poland;2020;38477966;Central and Eastern Europe;12810;15;2;3;;;20;77;3;419;62;9;12;27;4;1;7;;80;26;93;11;20;6;5;91;;42;;4;;15;5;3;28;23;15;1;;75;90;98;3;16;;17828;1;1;;13;3;10;30;13;1;;90;3;1;1;27;;42;39;;5;6;;8;3;;;8;3;22;;87;;;1;89;3;92;;71;56;;1;;;1;0;1;0;;
POL;Poland;2021;38378767;Central and Eastern Europe;13770;15;2;;;;19;76;3;;64;10;;25;4;2;6;;80;;94;;20;6;6;90;;41;;5;;14;5;1;28;25;16;;;75;89;98;3;16;;17940;1;2;;13;;9;31;14;1;;92;2;1;1;27;;43;40;;6;;4;9;;;;9;3;44;;87;;;1;89;;92;;71;56;;;;;1;1;1;0;;
POL;Poland;2022;38236684;Central and Eastern Europe;14670;14;1;;;;;77;;;62;;;22;;1;;;;;97;20;18;7;5;;492;41;23;8;16;13;;1;28;24;17;;;;89;98;5;;;;1;;;11;;9;33;16;;;93;1;;1;26;;46;;;6;;;;;;;;;56;;87;;;1;89;;92;;66;55;;;;;1;0;1;1;;
POL;Poland;2023;41477607;Central and Eastern Europe;14750;;1;;;;;;;;;;;;;;;;;;;;;;;;;;;;;;;;;;;;;;;;;;;;;;;;;;39;;;;;;;;;;;;;;;;;;;;;;;;;;;1;;;;;68;;;;;;;;;;;
PRT;Portugal;2018;10298223;Southern Europe;18190;17;1;6;;;13;82;4;221;49;21;9;26;4;4;7;;99;;100;12;30;6;12;91;492;35;23;10;16;7;9;1;36;22;18;1;21;;95;91;19;30;1;18168;1;2;0;10;7;10;33;21;1;3;79;21;1;2;32;1;19;29;11;6;27;;2;2;29,97;26;5;4;91;69;71;28;27;1;77;;69;18;86;64;7;1;1;17;1;1;1;0;86;4
PRT;Portugal;2019;10281447;Southern Europe;18670;17;0;6;18;;13;82;4;215;50;19;9;25;3;3;7;4;99;;100;;31;6;11;92;;37;;11;;7;11;1;40;25;18;1;11;;95;91;19;31;1;18852;1;2;;9;7;11;37;26;1;;81;17;1;3;32;1;18;29;9;6;24;;2;2;;;5;4;92;;71;28;26;1;77;;69;18;87;62;7;1;0;18;1;0;1;0;86;3
PRT;Portugal;2020;10298399;Southern Europe;17100;16;1;5;;;13;81;4;225;51;16;8;26;3;3;5;;99;21;100;17;28;6;9;93;;42;;10;;6;11;1;40;27;21;0;;;95;92;18;34;;18469;1;3;;11;7;10;40;24;2;;84;15;1;3;31;;14;27;;4;25;;2;2;;;4;4;89;;71;;;1;77;;69;22;88;61;7;1;4;;1;0;1;0;;
PRT;Portugal;2021;10297984;Southern Europe;18090;18;0;;;;13;82;4;;50;16;;26;3;4;5;;98;;100;;29;6;6;91;;48;;13;;6;12;1;41;31;21;;;;95;92;16;34;;19306;1;2;;10;;11;44;28;2;;87;14;1;3;33;;19;30;;6;;5;3;;;;4;4;88;;71;;;1;77;;69;;90;62;;;;;1;0;1;0;;
PRT;Portugal;2022;10282222;Southern Europe;19310;16;0;;;;;82;;;50;;;24;;6;;;;;;23;29;6;6;;478;44;30;14;18;6;;1;36;33;20;;;;95;93;18;;;20809;1;;;8;;10;43;30;;;88;14;;3;32;;21;;;5;;;;;;;;;85;;71;;;1;77;;69;;87;62;;;;;1;0;1;0;;
PRT;Portugal;2023;10259508;Southern Europe;19710;;0;;;;;;;;;;;;;;;;;;;;;;;;;;;;;;;;;;;;;;;;;;;;;;;;;;47;;;;;;;;;;;;;;;;;;;;;;;;;;;1;;;;;85;;;;;;;;;;;
ROU;Romania;2018;19654874;Central and Eastern Europe;8910;24;7;17;;;11;75;3;517;71;68;10;15;7;6;10;;86;;;5;19;6;16;82;428;25;47;1;19;19;2;0;20;11;24;26;19;48;82;80;10;24;1;;1;4;0;21;4;15;21;3;1;3;81;18;0;1;35;1;56;11;20;10;10;;2;3;39,97;13;4;3;57;;89;;1;1;76;4;61;;76;47;12;1;1;7;1;1;1;0;76;
ROU;Romania;2019;19558692;Central and Eastern Europe;9300;24;6;15;11;;10;76;3;505;71;65;9;17;7;6;10;11;88;;;;19;6;15;79;;26;;1;;19;3;0;20;13;24;22;9;49;82;82;9;24;1;;1;3;;21;4;16;22;2;0;;84;14;0;1;35;1;54;12;16;9;9;;1;3;;;4;3;76;;89;;1;1;76;3;61;;74;44;10;1;2;8;1;1;1;0;78;
ROU;Romania;2020;19489730;Central and Eastern Europe;9000;23;7;15;;;11;74;2;593;73;43;9;19;7;8;9;;87;30;;5;19;7;16;78;;25;;1;;19;2;0;20;13;26;21;;52;82;85;10;24;;;1;3;;21;5;15;22;3;0;;86;14;0;1;34;;54;12;;7;10;;2;3;;;4;3;70;;89;;;1;76;3;61;;74;44;9;1;1;;1;1;1;0;;
ROU;Romania;2021;19394347;Central and Eastern Europe;9600;23;6;;;;11;73;2;;73;45;;20;6;9;9;;86;;;;21;7;15;76;;23;;5;;20;4;1;20;18;26;;;53;82;87;10;24;;;1;3;;20;;16;26;2;0;;89;10;0;1;34;;49;11;;8;;2;1;;;;4;3;84;;89;;;1;76;;61;;75;45;;;;;1;1;1;0;;
ROU;Romania;2022;19262773;Central and Eastern Europe;10030;21;5;;;;;75;;;73;;;14;;7;;;;;;8;;6;16;;428;25;49;5;26;19;;0;20;18;25;;;;82;88;15;;;;1;;;20;;15;31;2;;;89;12;;1;32;;51;;;9;;;;;;;;;92;;89;;;1;76;;61;;68;46;;;;;1;1;1;0;;
ROU;Romania;2023;20055760;Central and Eastern Europe;10250;;5;;;;;;;;;;;;;;;;;;;;;;;;;;;;;;;;;;;;;;;;;;;;;;;;;;33;;;;;;;;;;;;;;;;;;;;;;;;;;;1;;;;;69;;;;;;;;;;;
SRB;Serbia;2018;7449588;Candidate Countries;5200;24;6;16;;;;76;2;399;56;17;13;18;6;12;;;92;;;6;;6;7;66;443;33;40;4;9;15;10;2;38;21;19;2;7;13;75;26;10;20;2;9882;1;;0;20;13;10;;1;1;3;73;;1;1;36;1;61;0;;31;17;;;1;11,50;15;6;3;;;;;;1;29;2;23;8;70;39;15;1;0;16;1;0;0;;75;
SRB;Serbia;2019;7418048;Candidate Countries;5460;23;7;15;17;;;76;2;400;59;14;13;19;6;11;;2;87;;;;;6;7;67;;33;;4;;15;;2;38;16;22;2;2;13;75;26;10;21;2;10299;1;;;19;11;9;22;1;1;;80;;1;1;33;1;60;;;22;18;;;1;;;6;2;;;;;;1;29;2;25;8;69;39;11;1;0;17;1;0;0;;76;
SRB;Serbia;2020;7384063;Candidate Countries;5440;22;8;14;;;;75;2;489;64;14;13;21;6;8;;;78;;;6;;6;6;69;;33;;4;;15;;2;39;22;25;2;;14;75;26;10;26;;10481;1;;;20;9;8;;1;1;;81;;1;1;33;;60;15;;18;11;;;1;;;6;2;;;;;;1;29;2;25;12;68;38;10;1;0;;1;0;0;;;
SRB;Serbia;2021;7331946;Candidate Countries;5920;21;6;;;;;73;2;;64;15;;18;6;10;;;78;;;;;6;6;68;;34;;5;;15;;1;40;23;23;;;15;75;26;9;25;;11821;1;;;19;;6;25;3;1;;82;;1;1;33;;59;17;;15;;1;;;;;4;3;;;;;;1;29;;25;;68;38;;;;;1;0;0;;;
SRB;Serbia;2022;7261591;Candidate Countries;6230;;5;;;;;;;;;;;;;;;;;;;2;;7;5;;443;33;43;5;13;14;;1;;19;23;;;;75;25;;;;;1;;;15;;;29;2;;;83;;;1;;;;;;;;;;;;;;;;;;;;1;29;;25;;62;36;;;;;1;0;0;;;
SRB;Serbia;2023;7181140;Candidate Countries;6430;;4;;;;;;;;;;;;;;;;;;;;;;;;;;;;;;;;;;;;;;;;;;;;;;;;;;27;;;;;;;;;;;;;;;;;;;;;;;;;;;1;;;;;59;;;;;;;;;;;
SVK;Slovak Republic;2018;5443195;Central and Eastern Europe;15580;12;1;7;;;15;77;2;407;67;6;8;19;6;2;5;;96;;95;9;19;6;9;78;469;37;25;4;21;9;20;1;21;24;13;1;1;66;99;82;5;12;1;14781;;2;0;14;7;6;21;9;1;3;81;14;1;2;21;1;55;36;17;4;5;;5;1;32,89;27;7;6;56;;;;;1;86;3;86;18;80;50;5;1;4;15;;;;0;86;1
SVK;Slovak Republic;2019;5450296;Central and Eastern Europe;15960;12;1;8;20;;14;78;2;395;65;5;7;20;6;2;5;1;96;;95;;19;6;8;78;;39;;4;;8;18;1;21;29;14;1;1;68;99;82;8;17;1;15519;;2;;14;6;4;17;8;1;;82;9;1;2;23;1;57;39;14;6;6;;6;1;;;6;5;63;;;;;1;86;2;86;16;76;50;6;1;5;16;;;;0;86;1
SVK;Slovak Republic;2020;5457552;Central and Eastern Europe;15400;11;1;6;;;13;77;2;431;65;3;7;27;6;4;5;;96;25;95;15;19;7;8;78;;39;;3;;7;16;1;23;31;16;1;;69;99;82;6;17;;15592;1;1;;14;7;5;16;10;1;;86;0;1;2;21;;48;45;;3;5;;11;2;;;6;5;56;;;;;1;86;2;86;19;77;49;4;1;3;;1;1;1;0;;
SVK;Slovak Republic;2021;5455809;Central and Eastern Europe;16200;12;1;;;;12;75;3;;65;3;;18;6;3;5;;95;;95;;19;6;8;77;;40;;5;;9;17;0;21;28;15;;;70;99;82;6;17;;16308;1;1;;14;;7;18;8;1;;90;6;1;2;22;;52;49;;7;;7;8;;;;6;6;50;;;;;1;86;;86;;77;52;;;;;1;1;1;0;;
SVK;Slovak Republic;2022;5439435;Central and Eastern Europe;16360;14;1;;;;;77;;;66;;;14;;4;;;;;;19;;6;7;;458;39;33;13;26;8;;0;22;30;15;;;;99;82;7;;;17313;1;;;12;;7;25;9;;;91;7;;2;21;;58;;;2;;;;;;;;;59;;;;;1;86;;86;;78;53;;;;;1;1;1;0;;
SVK;Slovak Republic;2023;5847471;Central and Eastern Europe;16490;;1;;;;;;;;;;;;;;;;;;;;;;;;;;;;;;;;;;;;;;;;;;;;;;;;;;29;;;;;;;;;;;;;;;;;;;;;;;;;;;1;;;;;83;;;;;;;;;;;
SVN;Slovenia;2018;2102297;Central and Eastern Europe;20240;13;1;4;;;36;82;2;253;65;5;17;28;2;0;4;;93;;100;15;12;6;4;91;504;41;16;11;15;7;9;1;22;28;17;0;1;69;97;83;3;21;1;18234;1;2;0;8;5;6;26;48;2;3;87;1;2;3;23;1;20;59;18;5;23;;10;2;33,01;43;7;7;87;;63;39;7;1;74;1;84;14;78;60;8;1;0;17;1;1;1;0;89;0
SVN;Slovenia;2019;2109551;Central and Eastern Europe;20780;12;1;3;20;;36;82;2;245;67;5;18;30;2;1;5;5;94;;100;;12;7;5;92;;44;;11;;7;8;1;22;25;20;0;0;70;98;83;2;22;1;19130;1;2;;8;5;5;26;58;2;;89;11;2;3;24;1;18;59;15;4;21;;11;2;;;7;6;81;;63;38;7;1;74;1;84;13;78;60;8;0;0;24;1;1;1;0;89;0
SVN;Slovenia;2020;2116252;Central and Eastern Europe;19770;12;1;3;;;35;81;2;268;67;4;17;28;2;0;4;;94;27;100;25;12;7;4;93;;45;;8;;6;3;1;21;23;17;0;;69;98;84;3;25;;19772;1;2;;8;5;5;28;78;2;;90;5;2;3;24;;18;59;;4;21;;10;2;;;6;6;85;;63;;;1;74;1;84;12;77;60;7;1;0;;1;1;1;0;;
SVN;Slovenia;2021;2119030;Central and Eastern Europe;21350;12;1;;;;36;81;2;;69;4;;24;2;2;5;;86;;100;;13;7;3;92;;48;;19;;7;4;1;22;19;17;;;68;98;84;2;25;;21183;1;2;;7;;5;23;55;2;;93;4;2;4;23;;20;61;;4;;64;11;;;;6;7;83;;63;;;1;74;;84;;77;57;;;;;1;1;1;0;;
SVN;Slovenia;2022;2119789;Central and Eastern Europe;21870;12;1;;;;;81;;;68;;;26;;1;;;;;;27;13;7;4;;484;47;25;22;16;7;;0;30;23;18;;;;98;84;3;;;;1;;;8;;5;26;58;;;93;2;;4;23;;19;;;4;;;;;;;;;79;;63;;;1;74;;84;;69;56;;;;;1;1;1;0;;
SVN;Slovenia;2023;2119899;Central and Eastern Europe;22090;;1;;;;;;;;;;;;;;;;;;;;;;;;;;;;;;;;;;;;;;;;;;;;;;;;;;26;;;;;;;;;;;;;;;;;;;;;;;;;;;1;;;;;71;;;;;;;;;;;
ESP;Spain;2018;46651296;Southern Europe;24890;22;2;5;;;19;84;5;178;74;11;7;13;3;0;4;;96;;100;36;22;7;18;98;482;44;;11;;12;12;1;40;24;17;0;7;88;100;90;9;17;1;19353;1;2;0;15;15;13;54;38;1;4;86;13;1;2;33;1;11;35;12;9;16;;9;2;43,26;21;6;5;87;32;86;51;13;1;58;3;51;;79;58;11;1;3;16;1;1;1;0;88;23
ESP;Spain;2019;46932790;Southern Europe;25180;21;2;5;16;;19;84;4;173;75;10;7;13;3;0;4;2;95;;100;;22;7;17;97;;47;;11;;12;9;1;42;26;19;0;8;87;100;90;8;18;1;20191;1;2;;15;14;13;56;40;1;;91;8;1;2;33;1;15;38;12;9;15;;10;2;;;5;4;88;;86;51;12;1;58;3;51;;78;62;12;1;2;16;1;1;1;0;89;21
ESP;Spain;2020;47329954;Southern Europe;22260;21;2;7;;;19;82;5;206;73;7;8;17;3;1;3;;94;24;101;40;20;7;16;97;;47;;11;;11;9;1;42;29;19;0;;87;100;90;11;21;;19678;1;2;;17;16;12;56;38;1;;95;5;1;2;32;;17;41;;8;20;;9;3;;;5;4;88;;86;;;1;58;4;51;;78;62;14;1;4;;1;1;1;0;;
ESP;Spain;2021;47397660;Southern Europe;23670;22;2;;;;19;83;6;;71;8;;15;3;0;3;;92;;100;;21;7;13;96;;49;;14;;11;9;1;41;33;19;;;;100;90;14;21;;20504;1;2;;14;;13;56;41;1;;96;3;1;2;33;;14;37;;10;;4;8;3;;;5;4;90;;86;;;1;58;;51;;80;61;;;;;1;1;1;0;;
ESP;Spain;2022;47576210;Southern Europe;24810;20;2;;;;;83;;;70;;;15;;0;;;;;100;55;;6;14;;477;51;27;15;14;11;;1;41;36;18;;;;100;90;17;;;;1;;;13;;12;56;41;;;96;4;;2;32;;13;;;9;;;;;;;;;88;;86;;;1;58;;51;;77;60;;;;;1;1;1;0;;
ESP;Spain;2023;47541049;Southern Europe;25210;;2;;;;;;;;;;;;;;;;;;;;;;;;;;;;;;;;;;;;;;;;;;;;;;;;;;59;;;;;;;;;;;;;;;;;;;;;;;;;;;1;;;;;75;;;;;;;;;;;
SWE;Sweden;2018;10110167;Northern Europe;43760;16;1;2;;;15;83;1;183;76;5;13;21;3;2;3;;97;;100;25;14;7;8;95;503;48;19;31;13;5;12;0;47;36;21;0;1;96;100;95;2;54;0;23832;1;1;0;7;6;7;66;399;3;4;93;4;2;4;27;1;42;46;6;8;8;;7;4;36,05;29;4;9;73;39;60;23;7;1;59;;59;;92;85;14;1;2;28;1;1;1;1;89;14
SWE;Sweden;2019;10214429;Northern Europe;44180;17;1;2;15;;15;83;2;170;76;5;13;23;3;2;2;4;97;;100;;14;7;7;96;;48;;34;;5;12;0;48;38;21;0;0;96;100;95;2;56;0;24225;1;1;;6;7;8;67;428;3;;96;0;2;4;28;1;41;47;6;9;7;;7;4;;;4;8;79;;60;22;8;1;59;;59;;92;85;13;1;1;28;1;1;1;1;89;13
SWE;Sweden;2020;10321414;Northern Europe;42910;16;1;2;;;15;82;1;185;77;4;12;21;3;2;2;;97;7;100;28;13;7;8;96;;49;;29;;5;11;0;50;38;21;0;;96;100;96;3;60;;24069;1;0;;7;8;8;66;427;3;;94;6;2;4;27;1;40;38;;8;7;;7;4;;;4;7;79;;60;;;1;59;;59;;91;85;14;1;0;;1;1;1;1;;
SWE;Sweden;2021;10416525;Northern Europe;45280;16;1;;;;15;83;2;;72;4;;19;3;1;2;;97;;100;;13;7;8;96;;49;;35;;5;11;0;48;38;22;;;;100;96;2;63;;25343;1;1;;6;;7;66;475;3;;93;0;2;4;27;;43;40;;9;;10;7;;;;3;7;75;;60;;;1;59;;59;;93;85;;;;;1;1;1;1;;
SWE;Sweden;2022;10517669;Northern Europe;46170;16;1;;;;;83;;;67;;;20;;2;;;;;;49;13;7;9;;487;52;27;36;15;6;;0;46;35;23;;;;100;96;3;;;26866;1;;;6;;8;65;482;;;94;4;;4;28;;39;;;9;;;;;;;;;75;;60;;;1;59;;59;;89;83;;;;;1;1;1;1;;
SWE;Sweden;2023;10581025;Northern Europe;45860;;1;;;;;;;;;;;;;;;;;;;;;;;;;;;;;;;;;;;;;;;;;;;;;;;;;;70;;;;;;;;;;;;;;;;;;;;;;;;;;;1;;;;;88;;;;;;;;;;;
CHE;Switzerland;2018;8484122;EFTA;61690;15;1;2;;;33;84;2;160;81;6;12;20;4;2;3;;95;;100;;23;8;4;50;498;51;17;32;16;9;19;1;;;15;0;1;;97;100;1;;1;28731;;1;1;7;5;7;75;935;;4;;;;5;30;1;15;53;11;13;10;;;3;23,45;42;4;13;75;;;;;1;37;;60;14;89;85;8;0;2;45;;;;0;88;-102
CHE;Switzerland;2019;8544746;EFTA;61950;16;1;2;;;33;84;1;153;81;5;12;19;4;1;2;;95;;100;;23;8;4;49;;53;;32;;9;19;1;;;17;0;1;;97;100;0;;0;29077;;1;;6;4;8;76;964;3;;96;0;2;5;31;1;14;53;9;14;11;;;3;;;4;13;82;;;;;1;37;;60;14;89;85;7;0;2;44;;;;0;87;-112
CHE;Switzerland;2020;8606431;EFTA;60190;16;1;1;;;33;83;1;165;83;5;11;17;4;1;3;;96;;100;;23;8;4;50;;53;;28;;8;18;2;;;16;0;;;97;100;0;;;29882;;1;;6;5;8;76;941;;;;;;6;31;;14;53;;14;11;;;3;;;4;13;72;;;;;1;37;;60;15;89;85;7;1;0;;;;;0;;
CHE;Switzerland;2021;8670795;EFTA;62950;15;1;;;;33;84;3;;82;5;;21;4;1;2;;95;;100;;22;7;5;50;;52;;23;;8;18;1;;;16;;;;97;100;0;;;30611;;;;;;7;76;977;;;99;2;;6;31;;13;53;;15;;10;;3;;;4;11;83;;;;;1;37;;60;;89;84;;;;;;;;1;;
CHE;Switzerland;2022;8712018;EFTA;64030;;1;;;;;84;;;;;;;;;;;;;;;;7;6;;498;51;19;22;21;8;;1;;;16;;;;97;100;;;;;;;;;;;76;1031;;;;;;6;;;;;;;;;;;;;;;78;;;;;1;37;;60;;83;82;;;;;;;;1;;
CHE;Switzerland;2023;8768926;EFTA;63490;;1;;;;;84;;;;;;;;;;;;;;;;;;;;;;;;;;;;;;;;;;;;;;;;;;;;;81;;;;;;;;;;;;;;;;;;;;;;;;;;;1;;;;;84;;;;;;;;;;;
TUR;Türkiye;2018;82466922;Candidate Countries;11570;22;7;26;;;20;79;3;306;67;16;5;;11;9;;;96;;99;25;17;5;31;43;462;32;37;6;11;41;;2;17;15;15;1;14;61;;71;19;;1;15086;0;;0;28;11;13;41;7;1;3;84;;1;1;43;2;69;12;;10;36;;;;33,74;7;5;3;;57;4;26;6;1;2;;4;;47;41;11;1;0;21;1;0;0;1;86;5
TUR;Türkiye;2019;83151687;Candidate Countries;11500;22;9;26;22;;21;79;3;285;66;16;4;;10;9;;0;97;;99;;17;5;29;43;;34;;6;;39;;2;17;18;13;1;14;61;;73;19;;1;14712;0;;;30;14;13;39;6;1;;88;;1;1;42;2;66;12;;11;37;;;;;;5;3;;;4;19;5;1;2;;4;;47;39;11;1;0;16;1;0;0;1;85;6
TUR;Türkiye;2020;83811681;Candidate Countries;11600;23;9;27;;;22;;;;69;16;;;10;5;;;95;;99;27;16;5;27;42;;36;;6;;38;;3;17;18;17;1;;61;;75;20;;;14159;0;;;32;13;13;39;7;1;;91;;1;1;43;;64;12;;10;35;;;;;;5;2;;;4;;;1;2;;4;;50;40;10;;0;;1;0;0;1;;
TUR;Türkiye;2021;84459174;Candidate Countries;12810;22;7;;;;23;;;;67;18;;;9;7;;;95;;99;;16;4;;32;;;;;;;;;17;18;;;;;;77;21;;;15979;0;;;;;13;40;9;1;;92;;;1;43;;65;12;;12;;0;;;;;5;3;;;4;;;1;2;;4;;50;38;;;;;1;0;0;1;;
TUR;Türkiye;2022;85091633;Candidate Countries;13380;;6;;;;;;;;;;;;;;;;;;;52;;5;;;462;;39;;13;;;;;17;;;;;;79;;;;;0;;;;;;40;;;;94;;;1;;;;;;;;;;;;;;;;;4;;;1;2;;4;;41;36;;;;;1;0;0;1;;
TUR;Türkiye;2023;85590849;Candidate Countries;13790;;6;;;;;;;;;;;;;;;;;;;;;;;;;;;;;;;;;;;;;;;;;;;;;;;;;;48;;;;;;;;;;;;;;;;;;;;;;;;;;;1;;;;;34;;;;;;;;;;;
GBR;United Kingdom;2018;66259843;;32640;19;1;5;;;;81;7;238;73;8;8;22;4;2;3;;92;;100;14;15;7;11;100;503;48;19;15;12;;20;1;29;30;17;0;;;100;98;5;;1;23669;1;1;0;;4;10;92;;2;4;95;0;1;3;34;2;10;44;10;15;18;;16;2;30,86;24;6;6;63;20;81;30;4;1;81;;91;;77;80;24;0;2;;1;1;1;1;83;-114
GBR;United Kingdom;2019;66606144;;32910;;1;;;;;;;;;8;;;4;;;;91;;100;;16;7;11;100;;49;;15;;;;1;30;33;17;;;;100;98;;;1;24508;1;;;;4;;94;;2;;96;2;1;3;;2;;;10;;;;16;;;;5;6;66;;81;30;5;1;81;;91;;78;77;;;;;1;1;1;1;83;
GBR;United Kingdom;2020;66951174;;32000;;2;;;;;;;;;7;;;4;;;;91;12;100;21;13;7;;;;;;;;;;;31;35;;;;;100;98;;;;;1;;;;;;93;;;;97;4;;3;;1;;;;;;;;;;;5;5;;;81;;;1;81;;91;;77;77;;;;;1;1;1;1;;
GBR;United Kingdom;2021;67167774;;32600;;2;;;;;;;;;6;;;4;;;;91;;100;;13;7;;;;;;;;;;;31;38;;;;;100;98;;;;;1;;;;;;93;;;;;;;3;;;;;;;;10;;;;;5;5;;;81;;;1;81;;91;;78;78;;;;;1;1;1;1;;
GBR;United Kingdom;2022;67394305;;33120;;2;;;;;;;;;;;;;;;;;;;;14;7;;;494;;24;;11;;;;;;;;;;100;98;;;;;1;;;;;;93;;;;;;;3;;;;;;;;;;;;;;;;;81;;;1;81;;91;;79;73;;;;;1;1;1;1;;
GBR;United Kingdom;2023;67623566;;33780;;2;;;;;;;;;;;;;;;;;;;;;;;;;;;;;;;;;;;;;;;;;;;;;;;;;;97;;;;;;;;;;;;;;;;;;;;;;;;;;;1;;;;;79;;;;;;;;;;;
